<?xml version="1.0" encoding="utf-8" ?>
<Defs>
	<ThoughtDef>
		<defName>AtePeanutButterJelly</defName>
		<showBubble>true</showBubble>
		<icon>Things/Mote/ThoughtSymbol/Food</icon>
		<durationDays>0.75</durationDays>
		<stackLimit>1</stackLimit>
		<stages>
			<li>
				<label>ate a PB&#038;J sandwich</label>
				<description>I got to eat a peanut butter and jelly sandwich! It was really tasty.</description>
				<baseMoodEffect>4</baseMoodEffect>
			</li>
		</stages>
	</ThoughtDef>
</Defs>