<?xml version="1.0" encoding="utf-8" ?>
<Defs>

	<ThingDef ParentName="MealBase">
		<defName>PeanutButter</defName>
		<label>peanut butter</label>
		<description>A delicious paste made from peanuts and oil, with a pinch of salt for taste.</description>
		<graphicData>
			<texPath>PeanutButter</texPath>
			<graphicClass>Graphic_Single</graphicClass>
		</graphicData>
		<statBases>
			<MarketValue>24</MarketValue>
			<Mass>0.35</Mass>
			<WorkToMake>45</WorkToMake>
            <Nutrition>0.90</Nutrition>
		</statBases>
		<comps>
			<li Class="CompProperties_Rottable">
				<daysToRotStart>6.5</daysToRotStart>
				<rotDestroys>true</rotDestroys>
			</li>
		</comps>
		<ingestible>
			<preferability>MealFine</preferability>
			<tasteThought>AtePeanutButter</tasteThought>
			<foodType>VegetableOrFruit</foodType>
			<ingestSound>Meal_Eat</ingestSound>
		</ingestible>
	</ThingDef>

</Defs>