<?xml version="1.0" encoding="utf-8" ?>
<Patch>
	<Operation Class="PatchOperationAdd">
		<xpath>/Defs/ThingDef[defName="FueledStove"]/recipes</xpath>
		<value>
			<li>ShellPeanuts</li>
		</value>
	</Operation> 

	<Operation Class="PatchOperationAdd">
		<xpath>/Defs/ThingDef[defName="ElectricStove"]/recipes</xpath>
		<value>
			<li>ShellPeanuts</li>
		</value>
	</Operation> 

	<Operation Class="PatchOperationAdd">
		<xpath>/Defs/ThingDef[defName="FueledStove"]/recipes</xpath>
		<value>
			<li>BulkShellPeanuts</li>
		</value>
	</Operation> 

	<Operation Class="PatchOperationAdd">
		<xpath>/Defs/ThingDef[defName="ElectricStove"]/recipes</xpath>
		<value>
			<li>BulkShellPeanuts</li>
		</value>
	</Operation> 

	<Operation Class="PatchOperationAdd">
		<xpath>/Defs/ThingDef[defName="FueledStove"]/recipes</xpath>
		<value>
			<li>RoastPeanuts</li>
		</value>
	</Operation> 

	<Operation Class="PatchOperationAdd">
		<xpath>/Defs/ThingDef[defName="ElectricStove"]/recipes</xpath>
		<value>
			<li>RoastPeanuts</li>
		</value>
	</Operation> 

	<Operation Class="PatchOperationAdd">
		<xpath>/Defs/ThingDef[defName="FueledStove"]/recipes</xpath>
		<value>
			<li>MakePeanutOil</li>
		</value>
	</Operation> 

	<Operation Class="PatchOperationAdd">
		<xpath>/Defs/ThingDef[defName="ElectricStove"]/recipes</xpath>
		<value>
			<li>MakePeanutOil</li>
		</value>
	</Operation> 

	<Operation Class="PatchOperationAdd">
		<xpath>/Defs/ThingDef[defName="FueledStove"]/recipes</xpath>
		<value>
			<li>MakePeanutButter</li>
		</value>
	</Operation> 

	<Operation Class="PatchOperationAdd">
		<xpath>/Defs/ThingDef[defName="ElectricStove"]/recipes</xpath>
		<value>
			<li>MakePeanutButter</li>
		</value>
	</Operation> 
	
		<Operation Class="PatchOperationAdd">
		<xpath>/Defs/ThingDef[defName="FueledStove"]/recipes</xpath>
		<value>
			<li>MakePeanutButterJelly</li>
		</value>
	</Operation> 

	<Operation Class="PatchOperationAdd">
		<xpath>/Defs/ThingDef[defName="ElectricStove"]/recipes</xpath>
		<value>
			<li>MakePeanutButterJelly</li>
		</value>
	</Operation> 
</Patch>