<?xml version="1.0" encoding="utf-8" ?>
<Defs>

	<RecipeDef Name="MakePeanutOil" ParentName="CookMealBase">
		<defName>MakePeanutOil</defName>
		<label>make peanut oil</label>
		<description>Crush peanuts into an oil.</description>
		<jobString>Making peanut oil.</jobString>
		<workSpeedStat>CookSpeed</workSpeedStat>
		<requiredGiverWorkType>Cooking</requiredGiverWorkType>
		<effectWorking>Cook</effectWorking>
		<soundWorking>Recipe_CookMeal</soundWorking>
		<allowMixingIngredients>false</allowMixingIngredients>
		<ingredientValueGetterClass>IngredientValueGetter_Nutrition</ingredientValueGetterClass>
		<ingredients>
			<li>
				<filter>
					<thingDefs>
						<li>RawPeanut</li>
					</thingDefs>
				</filter>
				<count>4</count>
			</li>
		</ingredients>
		<fixedIngredientFilter>
			<thingDefs>
				<li>RawPeanut</li>
			</thingDefs>
		</fixedIngredientFilter>
		<products>
			<PeanutOil>1</PeanutOil>
		</products>
		<workSkill>Cooking</workSkill>
	</RecipeDef>

</Defs>