<?xml version="1.0" encoding="utf-8" ?>
<Defs>

	<RecipeDef Name="MakePeanutButterJelly" ParentName="CookMealBase">
		<defName>MakePeanutButterJelly</defName>
		<label>make a PB&#038;J sandwich</label>
		<description>Slap together some peanut butter and jelly into a tasty sandwich.</description>
		<jobString>Making peanut butter and jelly sandwich</jobString>
		<workSpeedStat>CookSpeed</workSpeedStat>
		<requiredGiverWorkType>Cooking</requiredGiverWorkType>
		<effectWorking>Cook</effectWorking>
		<soundWorking>Recipe_CookMeal</soundWorking>
		<allowMixingIngredients>false</allowMixingIngredients>
		<ingredientValueGetterClass>IngredientValueGetter_Nutrition</ingredientValueGetterClass>
		<ingredients>
			<li>
				<filter>
					<thingDefs>
						<li>RawBerries</li>
					</thingDefs>
				</filter>
				<count>3.75</count>
			</li>
			<li>
				<filter>
					<thingDefs>
						<li>PeanutButter</li>
					</thingDefs>
				</filter>
				<count>0.5</count>
			</li>
		</ingredients>
		<fixedIngredientFilter>
			<thingDefs>
				<li>RawBerries</li>
				<li>PeanutButter</li>
			</thingDefs>
            <specialFiltersToDisallow>
            <li>AllowRotten</li>
         </specialFiltersToDisallow>
		</fixedIngredientFilter>
        <defaultIngredientFilter>
            <thingDefs>
				<li>RawBerries</li>
				<li>PeanutButter</li>
			</thingDefs>
        </defaultIngredientFilter>
		<products>
			<PeanutButterJelly>4</PeanutButterJelly>
		</products>
		<workSkill>Cooking</workSkill>
        <workAmount>1000</workAmount>
	</RecipeDef>

</Defs>