<?xml version="1.0" encoding="utf-8" ?>
<Defs>

	<ThingDef ParentName="PlantFoodRawBase">
		<defName>RawPeanut</defName>
		<label>raw peanut</label>
		<description>A raw, shelled peanut.</description>
		<graphicData>
			<texPath>RawPeanut</texPath>
		</graphicData>
		<statBases>
			<MarketValue>8</MarketValue>
			<Mass>0.035</Mass>
		</statBases>
		<comps>
			<li Class="CompProperties_Rottable">
				<daysToRotStart>3.5</daysToRotStart>
				<rotDestroys>true</rotDestroys>
			</li>
		</comps>
		<ingestible>
			<preferability>DesperateOnly</preferability>
			<tasteThought/>
			<foodType>VegetableOrFruit</foodType>
		</ingestible>
	</ThingDef>

</Defs>