<?xml version="1.0" encoding="utf-8" ?>
<Defs>
	<ThingDef ParentName="PlantBase">
		<defName>PlantPeanut</defName>
		<label>peanut plant</label>
		<description>A plant bearing peanuts.</description>
		<statBases>
			<MaxHitPoints>135</MaxHitPoints>
            <Nutrition>0.2</Nutrition>
		</statBases>
		<graphicData>
			<texPath>PeanutPlant</texPath>
			<graphicClass>Graphic_Single</graphicClass>
			<shadowData>
				<volume>(0.55, 0.2, 0.2)</volume>
				<offset>(0,0,-0.25)</offset>
			</shadowData>
		</graphicData>
		<selectable>true</selectable>
		<fillPercent>0.20</fillPercent>
		<pathCost>30</pathCost>
		<ingestible>
			
		</ingestible>
		<plant>
			<sowWork>300</sowWork>
			<sowTags>
				<li>Ground</li>
			</sowTags>
			<fertilityMin>0.5</fertilityMin>
			<fertilitySensitivity>0.5</fertilitySensitivity>
			<growDays>4</growDays>
			<leaflessGraphicPath>PeanutPlant</leaflessGraphicPath>
			<harvestYield>30</harvestYield>
			<harvestWork>400</harvestWork>
			<harvestTag>Standard</harvestTag>
			<harvestAfterGrowth>0.30</harvestAfterGrowth>
			<harvestedThingDef>Peanut</harvestedThingDef>
			
			<wildClusterRadius>3</wildClusterRadius>
			<visualSizeRange>0.5~1.1</visualSizeRange>
			<topWindExposure>0.3</topWindExposure>
			<immatureGraphicPath>PeanutPlantImmature</immatureGraphicPath>
		</plant>
	</ThingDef>
</Defs>