<?xml version="1.0" encoding="utf-8" ?>
<Defs>

	<ThingDef ParentName="MealBase">
		<defName>PeanutButterJelly</defName>
		<label>PB&#038;J sandwich</label>
		<description>A classic lunch sandwich made with peanut butter and jelly.</description>
		<graphicData>
			<texPath>PBJ</texPath>
			<graphicClass>Graphic_Single</graphicClass>
		</graphicData>
		<statBases>
			<MarketValue>24</MarketValue>
			<Mass>0.35</Mass>
			<WorkToMake>45</WorkToMake>
		</statBases>
		<comps>
			<li Class="CompProperties_Rottable">
				<daysToRotStart>6.5</daysToRotStart>
				<rotDestroys>true</rotDestroys>
			</li>
		</comps>
		<ingestible>
			<preferability>MealFine</preferability>
			<tasteThought>AtePeanutButterJelly</tasteThought>
			<nutrition>1.0</nutrition>
			<foodType>VegetableOrFruit</foodType>
			<ingestSound>Meal_Eat</ingestSound>
		</ingestible>
	</ThingDef>

</Defs>