<?xml version="1.0" encoding="utf-8" ?>
<Defs>

	<ThingDef ParentName="PlantFoodRawBase">
		<defName>PeanutOil</defName>
		<label>peanut oil</label>
		<description>A container of peanut oil, also known as groundnut oil or arachis oil.</description>
		<graphicData>
			<texPath>PeanutOil</texPath>
		</graphicData>
		<statBases>
			<MarketValue>8</MarketValue>
			<Mass>0.035</Mass>
            <Nutrition>0.5</Nutrition>
		</statBases>
		<comps>
			<li Class="CompProperties_Rottable">
				<daysToRotStart>35</daysToRotStart>
				<rotDestroys>true</rotDestroys>
			</li>
		</comps>
		<ingestible>
			<preferability>DesperateOnly</preferability>
			<tasteThought>AtePeanutOil</tasteThought>
			<foodType>VegetableOrFruit</foodType>
		</ingestible>
	</ThingDef>

</Defs>