<?xml version="1.0" encoding="utf-8" ?>
<Defs>

	<ThingDef ParentName="PlantFoodRawBase">
		<defName>RoastedPeanut</defName>
		<label>roasted peanut</label>
		<description>A roasted, lightly salted peanut.</description>
		<graphicData>
			<texPath>RoastedPeanut</texPath>
		</graphicData>
		<statBases>
			<MarketValue>8</MarketValue>
			<Mass>0.035</Mass>
            <Nutrition>0.10</Nutrition>
		</statBases>
		<comps>
			<li Class="CompProperties_Rottable">
				<daysToRotStart>35</daysToRotStart>
				<rotDestroys>true</rotDestroys>
			</li>
		</comps>
		<ingestible>
			<preferability>RawTasty</preferability>
			<tasteThought/>
			<foodType>VegetableOrFruit</foodType>
		</ingestible>
	</ThingDef>

</Defs>